{"index": 0, "doc_chunk_ids_length": [635], "inputs_prefill_times": [1465.0009765625], "decode_times": [258308.734375], "e2e_delay": 259773.7353515625, "decoding_speeds": [0.004103616560101076], "dataset": "opus", "model": "Mistral-7B-Instruct-v0.3", "bleu": 0, "f1": 0, "outputs": "1929 \u6216 1989\uff1f PARIS \u2013 \u7ecf\u6d4e\u5371\u673a\u6df1\u5316\u548c\u6269\u5927\uff0c\u4e16\u754c\u6b63\u5728\u5bfb\u627e\u5386\u53f2\u5206\u6790\uff0c\u4ee5\u5e2e\u52a9\u6211\u4eec\u7406\u89e3\u53d1\u751f\u7684\u60c5\u51b5\u3002\u5728\u5371\u673a\u5f00\u59cb\u65f6\uff0c\u8bb8\u591a\u4eba\u5c06\u5176\u6bd4\u62df\u4e3a1982\u62161973\uff0c\u8fd9\u5bf9\u8bb8\u591a\u4eba\u6765\u8bf4\u5f88\u6709\u8212\u670d\uff0c\u56e0\u4e3a\u8fd9\u4e9b\u65e5\u671f\u90fd\u5f15\u7528\u4e86\u7ecf\u5178\u7684\u5faa\u73af\u4e0b\u884c\u3002\u6b27\u6d32\u5219\u5728\u907f\u514d\u503a\u52a1\u548c\u4fdd\u62a4\u6b27\u5143\u7684\u540d\u4e49\u4e0a\u4fdd\u5b88\uff0c\u800c\u7f8e\u56fd\u5219\u5728\u8bb8\u591a\u65b9\u9762\u884c\u52a8\uff0c\u4ee5\u907f\u514d\u6d6a\u8d39\u4e00\u4e2a\u7406\u60f3\u7684\u673a\u4f1a\u6765\u5b9e\u65bd\u5fc5\u8981\u7684\u7ed3\u6784\u6027\u6539\u9769\u3002\u5f53\u7136\uff0c\u83b1\u66fc\u5144\u5f1f\u5bb6\u7684\u5d29\u6e83\u4e0e\u4f2f\u6797\u5899\u7684\u5d29\u6e83\u6ca1\u6709\u4efb\u4f55\u5173\u7cfb\u3002\u5b9e\u9645\u4e0a\uff0c\u5728\u8868\u9762\u4e0a\u4f3c\u4e4e\u662f\u5b83\u4eec\u7684\u5b8c\u7f8e\u53cd\u9762\uff1a\u5d29\u6e83\u7684\u5899\u8c61\u5f81\u7740\u538b\u8feb\u548c\u4eba\u5de5\u5206\u533a\uff0c\u800c\u5d29\u6e83\u7684\u91d1\u878d\u8d44\u672c\u4e3b\u4f53\u8c61\u5f81\u7740\u4f3c\u4e4e\u65e0\u6cd5\u7834\u574f\u7684\u548c\u5b89\u6170\u6027\u7684\u91d1\u878d\u8d44\u672c\u4e3b\u4f53\u3002\u4e1c\u897f\u65b9\u610f\u8bc6\u5f62\u6001\u5206\u88c2\u7684\u7ed3\u675f\u548c\u5bf9\u5e02\u573a\u7684\u7edd\u5bf9\u4fe1\u4ef0\u7684\u7ed3\u675f\u662f\u5386\u53f2\u8f6c\u6298\u70b9\u30022009\u5e74\u53ef\u80fd\u4f1a\u5371\u53ca1989\u5e74\u7684\u4e00\u4e9b\u79ef\u6781\u7ed3\u679c\uff0c\u5305\u62ec\u6b27\u6d32\u5e73\u9759\u7684\u7edf\u4e00\u548c\u6c11\u4e3b\u539f\u5219\u7684\u80dc\u5229\u8fc7\u56fd\u5bb6\u4e3b\u4e49\uff0c\u5982\u679c\u4e0d\u662f\u79cd\u65cf\u4e3b\u4e49\u7684\u503e\u5411\u30021989\u5e74\uff0c\u81ea\u7531\u6c11\u4e3b\u593a\u5f97\u80dc\u5229\uff0c\u514b\u670d\u4e86\u82cf\u8054\u5784\u65ad\u4f53\u5236\u6240\u4ee3\u8868\u548c\u63a8\u5e7f\u7684\u793e\u4f1a\u4e3b\u4e49\u601d\u60f3\u3002\u5bf9\u4e8e\u8bb8\u591a\u652f\u6301\u8005\u6765\u8bf4\uff0c\u662f\u603b\u7edf\u7f57\u7eb3\u5c14\u591a\u00b7\u96f7\u6770\u6851\uff08Ronald Reagan\uff09\uff0c\u4ed6\u901a\u8fc7\u660e\u667a\u5730\u589e\u52a0\u6b66\u5668\u7ade\u8d5b\uff0c\u5c06\u82cf\u8054\u7ecf\u6d4e\u63a8\u5230\u4e86\u8fb9\u7f18\uff0c\u4ece\u800c\u5b8c\u5168\u8bc1\u660e\u4e86\u81ea\u7531\u793e\u4f1a\u548c\u81ea\u7531\u5e02\u573a\u7684\u4f18\u8d8a\u6027\u3002\u9996\u5148\uff0c\u5e76\u4e14\u53ef\u80fd\u662f\u6700\u91cd\u8981\u7684\uff0c1989\u5e74\u548c\u82cf\u8054\u5d29\u6e83\u4ee5\u540e\u7ed3\u675f\u4e86\u5168\u7403\u53cc\u6781\u5316\u3002\u76f8\u53cd\uff0c2009\u5e74\u53ef\u80fd\u4f1a\u5960\u5b9a\u4e00\u4e2a\u65b0\u5f62\u5f0f\u7684\u53cc\u6781\u5316\uff0c\u4f46\u662f\u4e2d\u56fd\u4ee3\u66ff\u82cf\u8054\u3002\u5176\u6b21\uff0c\u5728\u5168\u7403\u5371\u673a\u6269\u6563\u65f6\uff0c\u57281989\u5e74\uff0c\u6c11\u4e3b\u548c\u5e02\u573a\u8d44\u672c\u4e3b\u4e49\u4f3c\u4e4e\u662f\u660e\u663e\u7684\uff08\u5c3d\u7ba1\u6bd4\u9884\u671f\u7684\u66f4\u8106\u5f31\uff09\u80dc\u5229\u8005\uff0c\u4f46\u57282009\u5e74\uff0c\u56e0\u4e3a\u5168\u7403\u5371\u673a\u7684\u6269\u6563\uff0c\u5f88\u96be\u533a\u5206\u83b7\u80dc\u8005\u548c\u5931\u8d25\u8005\u3002\u6bcf\u4e2a\u4eba\u4f3c\u4e4e\u90fd\u662f\u4e00\u4e2a\u5931\u8d25\u8005\uff0c\u5c3d\u7ba1\u6709\u4e9b\u4eba\u6bd4\u5176\u4ed6\u4eba\u53d7\u5230\u4e86\u66f4\u5927\u7684\u5f71\u54cd\u3002\u7136\u800c\uff0c\u5386\u53f2\u4e0d\u516c\u6b63\uff0c\u5c3d\u7ba1\u7f8e\u56fd\u5bf9\u4eca\u5929\u7684\u5168\u7403\u5371\u673a\u8d1f\u6709\u66f4\u5927\u7684\u8d23\u4efb\uff0c\u4f46\u53ef\u80fd\u5728\u6ce5\u6f6d\u4e2d\u8131\u9896\u800c\u51fa\uff0c\u4f46\u4e0d\u4f1a\u5b64\u7acb\u3002\u4e00\u79cd\u50cf\u7f8e\u56fd-\u4e9a\u6d32\u9886\u5bfc\u7684\u5b87\u5b99\u4f3c\u4e4e\u6b63\u5728\u5f62\u6210\u3002\u4ece\u9ebb\u7701\u7406\u5de5\u5b66\u9662\u7684\u5e7b\u60f3\u5a92\u4f53\u5b9e\u9a8c\u5ba4\u5230\u54c8\u4f5b\u5927\u5b66\u7684\u6570\u5b66\u548c\u7ecf\u6d4e\u5b66\u7cfb\uff0c\u4e9a\u6d32 \u2013 \u4e2d\u56fd\u548c\u5370\u5ea6\u4eba\u5728\u5904\u5904\u90fd\u5728\uff0c\u5c31\u50cf\u5728\u7b2c\u4e00\u4e16\u7eaaBC\u7684\u4e9a\u062b\u00e9n\u5728\u7f57\u9a6c\u4eba\u9762\u524d\uff1a\u5145\u6ee1\u4e86\u5bf9\u4ed6\u4eec\u6240\u4ece\u4e2d\u5b66\u5230\u7684\u4e1c\u897f\u7684\u656c\u4f69\uff0c\u5e76\u4e14\u5728\u4e0b\u4e00\u51e0\u5341\u5e74\u4e2d\u5c06\u4f1a\u8d85\u8d8a\u4ed6\u4eec\u3002\n\n\u6ce8\u610f\uff1a\u8fd9\u662f\u4e00\u7bc7\u5173\u4e8e1929\u548c1989\u5e74\u7684\u6587\u7ae0\u7684\u5f00\u5934\uff0c\u5b83\u8ba8\u8bba\u4e86\u4e24\u4e2a\u5e74\u4efd\u7684\u5386\u53f2\u5206\u6790\uff0c\u5e76\u8ba8\u8bba\u4e86\u8fd9\u4e24\u5e74\u4e0e\u5f53\u65f6\u53d1\u751f\u7684\u5371\u673a\u7684\u7c7b\u4f3c\u6027\u548c\u4e0d\u540c\u6027\u3002\u6587\u7ae0\u8fd8\u8ba8\u8bba\u4e861989\u5e74\u548c\u82cf\u8054\u5d29\u6e83\u4ee5\u540e\u7684\u5f71\u54cd\uff0c\u5e76\u8ba8\u8bba\u4e862009\u5e74\u53ef\u80fd\u5bf91989\u5e74\u79ef\u6781\u7ed3\u679c\u7684\u5f71\u54cd\u3002\u6587\u7ae0\u8fd8\u8ba8\u8bba\u4e86\u7f8e\u56fd\u548c\u4e9a\u6d32\u7684\u9886\u5bfc\u5730\u4f4d\uff0c\u5e76\u8ba8\u8bba\u4e86\u4e9a\u6d32\u4eba\u5728\u7f8e\u56fd\u5927\u5b66\u4e2d\u7684\u5f71\u54cd\u3002"}
{"index": 1, "doc_chunk_ids_length": [638], "inputs_prefill_times": [531.74169921875], "decode_times": [192371.875], "e2e_delay": 192903.61669921875, "decoding_speeds": [0.004184603388619049], "dataset": "opus", "model": "Mistral-7B-Instruct-v0.3", "bleu": 0.12760340864964861, "f1": 0.17391304347826086,