{"index": 0, "doc_chunk_ids_length": [176, 237, 231], "inputs_prefill_times": [2157.90185546875, 490.69158935546875, 536.9067993164062], "decode_times": [57074.734375, 35558.984375, 98211.3125], "e2e_delay": 194030.53149414062, "decoding_speeds": [0.004012283237192026, 0.004190220913754655, 0.004235764591782642], "dataset": "opus", "model": "Mistral-7B-Instruct-v0.3", "bleu": 0, "f1": 0, "outputs": "\"1929 \u6216 1989\uff1f PARIS \u2013 \u7ecf\u6d4e\u5371\u673a\u9010\u6e10\u52a0\u6df1\u548c\u6269\u5927\uff0c\u4e16\u754c\u6b63\u5728\u5bfb\u627e\u5386\u53f2\u5206\u6790\uff0c\u4ee5\u5e2e\u52a9\u6211\u4eec\u7406\u89e3\u53d1\u751f\u7684\u60c5\u51b5\u3002\u5728\u5371\u673a\u5f00\u59cb\u65f6\uff0c\u8bb8\u591a\u4eba\u5c06\u5176\u6bd4\u62df\u4e3a1982\u62161973\uff0c\u8fd9\u5bf9\u4e8e\u8bb8\u591a\u4eba\u6765\u8bf4\u5f88\u6709\u8212\u670d\uff0c\u56e0\u4e3a\u8fd9\u4e9b\u65e5\u671f\u90fd\u5f15\u7528\u4e86\u7ecf\u5178\u7684\u5faa\u73af\u4e0b\u884c\u3002\u6b27\u6d32\u5219\u5728\u907f\u514d\u503a\u52a1\u548c\u4fdd\u62a4\u6b27\u5143\u7684\u540d\u4e49\u4e0a\u4fdd\u5b88\uff0c\u800c\u7f8e\u56fd\u5219\u5728\u8bb8\u591a\u65b9\u9762\u884c\u52a8\uff0c\u4ee5\u4e0d\u8981\u6d6a\u8d39\u4e00\u4e2a\u7406\u60f3\u7684\u673a\u4f1a\u6765\u5b9e\u65bd\u7d27\u6025\u9700\u8981\u7684\u7ed3\u6784\u6027\u6539\u9769\u3002\u5f53\u7136\uff0c\u83b1\u66fc\u5144\u5f1f\u5bb6\u65cf\u7684\u5d29\u6e83\u4e0e\u4f2f\u6797\u5899\u7684\u5d29\u6e83\u6ca1\u6709\u4efb\u4f55\u5173\u7cfb\u3002\"\n\n\"\u7136\u800c\uff0c\u57282009\u5e74\uff0c\u53d1\u751f\u7684\u4e8b\u60c5\u53ef\u80fd\u4f1a\u5a01\u80c1\u52301989\u5e74\u7684\u4e00\u4e9b\u79ef\u6781\u7ed3\u679c\uff0c\u5305\u62ec\u6b27\u6d32\u7684\u5e73\u548c\u7edf\u4e00\u548c\u6c11\u4e3b\u539f\u5219\u7684\u80dc\u5229\uff0c\u8d85\u8d8a\u4e86\u4e1c\u897f\u65b9\u7684\u56fd\u5bb6\u4e3b\u4e49\u548c\u6b67\u89c6\u4e3b\u4e49\u503e\u5411\u3002\u57281989\u5e74\uff0c\u81ea\u7531\u6c11\u4e3b\u6218\u80dc\u4e86\u793e\u4f1a\u4e3b\u4e49\u601d\u60f3\uff0c\u88ab\u4ee3\u8868\u548c\u63a8\u5e7f\u7684\u82cf\u8054\u5784\u65ad\u3002\u5bf9\u4e8e\u8bb8\u591a\u4eba\u6765\u8bf4\uff0c1989\u5e74\u548c\u82cf\u8054\u89e3\u4f53\u7684\u7ed3\u679c\u662f\u7ed3\u675f\u4e86\u5168\u7403\u53cc\u6781\u5316\u3002\"\n\n\"\u7136\u800c\uff0c2009\u5e74\uff0c\u5f53\u7ecf\u6d4e\u5371\u673a\u52a0\u5267\u5e76\u6269\u5927\u65f6\uff0c\u4e16\u754c\u6b63\u5728\u5bfb\u627e\u5386\u53f2\u5206\u6790\uff0c\u4ee5\u5e2e\u52a9\u6211\u4eec\u7406\u89e3\u53d1\u751f\u7684\u60c5\u51b5\u3002\u5728\u5371\u673a\u5f00\u59cb\u65f6\uff0c\u8bb8\u591a\u4eba\u5c06\u5176\u6bd4\u62df\u4e3a1982\u62161973\uff0c\u8fd9\u5bf9\u4e8e\u8bb8\u591a\u4eba\u6765\u8bf4\u5f88\u6709\u8212\u670d\uff0c\u56e0\u4e3a\u8fd9\u4e9b\u65e5\u671f\u90fd\u5f15\u7528\u4e86\u7ecf\u5178\u7684\u5faa\u73af\u4e0b\u884c\u3002\u6b27\u6d32\u5219\u5728\u907f\u514d\u503a\u52a1\u548c\u4fdd\u62a4\u6b27\u5143\u7684\u540d\u4e49\u4e0a\u4fdd\u5b88\uff0c\u800c\u7f8e\u56fd\u5219\u5728\u8bb8\u591a\u65b9\u9762\u884c\u52a8\uff0c\u4ee5\u4e0d\u8981\u6d6a\u8d39\u4e00\u4e2a\u7406\u60f3\u7684\u673a\u4f1a\u6765\u5b9e\u65bd\u7d27\u6025\u9700\u8981\u7684\u7ed3\u6784\u6027\u6539\u9769\u3002\u5f53\u7136\uff0c\u83b1\u66fc\u5144\u5f1f\u5bb6\u65cf\u7684\u5d29\u6e83\u4e0e\u4f2f\u6797\u5899\u7684\u5d29\u6e83\u6ca1\u6709\u4efb\u4f55\u5173\u7cfb\u3002\"\n\n\"\u7136\u800c\uff0c1989\u5e74\u548c2009\u5e74\u7684\u533a\u522b\u5f88\u5927\u30021989\u5e74\uff0c\u81ea\u7531\u6c11\u4e3b\u6218\u80dc\u4e86\u793e\u4f1a\u4e3b\u4e49\u601d\u60f3\uff0c\u88ab\u4ee3\u8868\u548c\u63a8\u5e7f\u7684\u82cf\u8054\u5784\u65ad\u3002\u5bf9\u4e8e\u8bb8\u591a\u4eba\u6765\u8bf4\uff0c1989\u5e74\u548c\u82cf\u8054\u89e3\u4f53\u7684\u7ed3\u679c\u662f\u7ed3\u675f\u4e86\u5168\u7403\u53cc\u6781\u5316\u3002\u76f8\u53cd\uff0c2009\u5e74\u53ef\u80fd\u4f1a\u57f9\u517b\u51fa\u4e00\u4e2a\u65b0\u5f62\u5f0f\u7684\u53cc\u6781\u5316\uff0c\u4e2d\u56fd\u4ee3\u66ff\u82cf\u8054\u3002\u57281989\u5e74\uff0c\u6c11\u4e3b\u548c\u5e02\u573a\u7ecf\u6d4e\u4f3c\u4e4e\u662f\u660e\u663e\u7684\u80dc\u5229\u8005\uff0c\u4f46\u57282009\u5e74\uff0c\u7531\u4e8e\u5168\u7403\u5371\u673a\u7684\u6269\u6563\uff0c\u5f88\u96be\u533a\u5206\u83b7\u80dc\u8005\u548c\u5931\u8d25\u8005\u3002\u6bcf\u4e2a\u4eba\u4f3c\u4e4e\u90fd\u662f\u4e00\u4e2a\u5931\u8d25\u8005\uff0c\u5c3d\u7ba1\u6709\u4e9b\u4eba\u53d7"}
