{"index": 0, "doc_chunk_ids_length": [12, 28, 29, 46, 12, 19, 20, 27, 26, 66], "inputs_prefill_times": [425.7208251953125, 407.5714416503906, 426.0464782714844, 449.2308349609375, 465.1294860839844, 482.1247863769531, 495.6968994140625, 499.8266906738281, 513.7326049804688, 540.569580078125], "decode_times": [5938.01708984375, 12115.205078125, 12284.255859375, 20871.458984375, 6070.5751953125, 8176.5283203125, 8732.7587890625, 11379.705078125, 10947.4765625, 27738.673828125], "e2e_delay": 128960.3044128418, "decoding_speeds": [0.0037049404990141073, 0.004127045285455309, 0.004233060642441362, 0.0039767224736007335, 0.0036240387924010367, 0.004158244020941708, 0.004122408607585594, 0.004305911239667521, 0.0042932268209640205, 0.004290039269265376], "dataset": "opus", "model": "Mistral-7B-Instruct-v0.3", "bleu": 0.13128389971823223, "f1": 0.21476510067114096, "outputs": "10 000 dollars en or\n\nNote: The currency symbol for Canadian dollars is $ and for Australian dollars is A$. Since the question mentions no specific country, I assumed it's referring to US dollars. If it's a different currency, please specify.\n\nIn French:\n\n10 000 dollars en or d'or\n\nLately, with gold prices up more than 300% over the last decade, it is harder than ever.\n\nEn fran\u00e7ais :\n\nR\u00e9cemment, avec les prix de l'or mont\u00e9s de plus de 300% sur la derni\u00e8re d\u00e9cennie, c'est plus difficile que jamais.\n\nJust last December, fellow economists Martin Feldstein and Nouriel Roubini each penned op-eds bravely questioning bullish market sentiment, sensibly pointing out gold\u2019s risks.\n\nEn fran\u00e7ais :\n\nIl y a juste dernier d\u00e9cembre, des \u00e9conomistes de premier plan Martin Feldstein et Nouriel Roubini ont chacun \u00e9crit des op-eds courageusement questionnant l'optimisme du march\u00e9, sensiblement mettant en \u00e9vidence les risques de l'or.\n\nWouldn\u2019t you know it?\n\nEn fran\u00e7ais :\n\nEt voil\u00e0 !\n\nSince their articles appeared, the price of gold has moved up still further.\n\nEn fran\u00e7ais :\n\nDepuis que leurs articles ont \u00e9t\u00e9 publi\u00e9s, le prix de l'or a encore progress\u00e9.\n\nGold prices even hit a record-high $1,300 recently.\n\nEn fran\u00e7ais :\n\nLe prix de l'or a m\u00eame atteint un record historique de 1 300 r\u00e9cemment.\n\nLast December, many gold bugs were arguing that the price was inevitably headed for $2,000.\n\nEn fran\u00e7ais :\n\nIl y a juste dernier d\u00e9cembre, de nombreux or-bugs \u00e9taient en train d'argumenter que le prix \u00e9tait in\u00e9vitablement dirig\u00e9 vers 2 000 $.\n\nNow, emboldened by continuing appreciation, some are suggesting that gold could be headed even higher than that.\n\nEn fran\u00e7ais :\n\nMaintenant, encourag\u00e9s par une appr\u00e9ciation continue, certains sugg\u00e8rent que"}
{"index": 1, "doc_chunk_ids_length": [31, 27, 30, 29, 35, 35, 17, 19, 36, 46], "inputs_prefill_times": [380.3576354980469, 430.45172119140625, 439.0850524902344, 456.3670959472656, 479.21356201171875, 495.0231018066406, 509.06317138671875, 518.8598022460938, 541.8270874023438, 566.6519165039062], "decode_times": [13174.419921875, 11526.984375, 12645.27734375, 12144.7998046875, 14687.59375, 14992.2763671875, 7196.17236328125, 7952.130859375, 15065.3515625, 19388.001953125], "e2e_delay": 133589.90844726562, "decoding_speeds": [0.004250661534404014, 0.004250894978765858, 0.004270368971123421, 0.004281667943174303, 0.004289334323397936, 0.00420216373131191, 0.004307845676151214, 0.004275583563859039, 0.004314535889211845, 0.0042809981245448495], "dataset": "opus", "model": "Mistral-7B-Instruct-v0.3", "bleu": 0.11615560397200793, "f1": 0.22881355932203387, "outputs": "\"Maintenant que l'or a franchi le seuil magique de 1 000 $, pourquoi ne pourrait-il pas augmenter dix fois aussi ?\"\n\nTranslation: \"Now that gold has crossed the magic $1,000 barrier, why can\u2019t it increase ten-fold, too?\"\n\n\"Admettant que parvenir \u00e0 un prix beaucoup plus \u00e9lev\u00e9 pour l'or n'est pas tout \u00e0 fait une imagination de saut de qualit\u00e9.\"\n\nTranslation: \"Admittedly, getting to a much higher price for gold is not quite the leap of imagination that it seems.\"\n\n\"Apr\u00e8s avoir ajust\u00e9 pour l'inflation, aujourd'hui, le prix n'est pas loin du pic historique de janvier 1980.\"\n\nTranslation: \"Back then, gold hit $850, or well over $2,000 in today's dollars.\"\n\n\"Mais janvier 1980 \u00e9tait arguably un \"pic de freak\" pendant une p\u00e9riode de stabilit\u00e9 g\u00e9o-politique accrue.\"\n\nTranslation: \"But January 1980 was arguably a \u201cfreak peak\u201d during a period of heightened geo-political instability.\"\n\n\"\u00c0 1 300, aujourd'hui, le prix est probablement plus que double des prix moyens \u00e0 long terme, ajust\u00e9s pour l'inflation.\"\n\nTranslation: \"At $1,300, today's price is probably more than double very long-term, inflation-adjusted, average gold prices.\"\n\n\"Or quoi, justifierait une augmentation importante suppl\u00e9mentaire des prix de l'or \u00e0 partir de l\u00e0?\"\n\nTranslation: \"So what could justify another huge increase in gold prices from here?\"\n\n\"Un r\u00e9ponse, bien s\u00fbr, est une rupture compl\u00e8te de la monnaie am\u00e9ricaine.\"\n\nTranslation: \"One answer, of course, is a complete collapse of the US dollar.\"\n\n\"Avec des d\u00e9ficits en flamb\u00e9e, et une politique fiscale sans direction, on se demande peut-\u00eatre si une administration populiste pourrait se livrer \u00e0 la presse \u00e0 imprimer.\"\n\nTranslation: \"With soaring deficits, and a rudderless fiscal policy, one wonders whether a populist administration might recklessly turn to the printing press.\"\n\n"}
{"index": 2, "doc_chunk_ids_length": [25, 65, 33, 10, 40, 38, 24, 30, 32, 41], "inputs_prefill_times": [383.109130859375, 427.8558654785156, 455.625732421875, 474.576904296875, 483.78265380859375, 506.8134460449219, 529.818603515625, 543.3815307617188, 563.9813232421875, 593.7991943359375], "decode_times": [10499.0908203125, 27193.978515625, 13719.53125, 4214.31640625, 16665.765625, 15852.99609375, 10030.111328125, 12634.259765625, 13495.1123046875, 17332.984375], "e2e_delay": 146600.89086914062, "decoding_speeds": [0.004286085411599535, 0.0043024230504843065, 0.004300438471613234, 0.004271155334541393, 0.0043202335626269794, 0.0042894100016090215, 0.004287090999620868, 0.004274092903085778, 0.004297852340202742, 0.004269316720018101], "dataset": "opus", "model": "Mistral-7B-Instruct-v0.3", "bleu": 0.18275868710716606, "f1": 0.24959481361426258,