{"index": 0, "doc_chunk_ids_length": [61, 69, 127], "inputs_prefill_times": [1399.9185791015625, 452.9940490722656, 490.756103515625], "decode_times": [25300.20703125, 19687.30078125, 41359.078125], "e2e_delay": 88690.25466918945, "decoding_speeds": [0.0034782324070038334, 0.0038603565234489475, 0.004086164577683028], "dataset": "opus", "model": "Mistral-7B-Instruct-v0.3", "bleu": 0.20125695484251702, "f1": 0.31666666666666665, "outputs": "10 000 $ or d'or ? SAN FRANCISCO \u2013 Il n'a jamais \u00e9t\u00e9 facile de mener une conversation raisonnable sur la valeur de l'or. R\u00e9cemment, avec les prix de l'or mont\u00e9s de plus de 300% au cours des dix derni\u00e8res ann\u00e9es, c'est plus difficile que jamais.\n\nIl y a r\u00e9cemment, les \u00e9conomistes Martin Feldstein et Nouriel Roubini ont tous deux publi\u00e9 des articles courageux questionnant l'optimisme du march\u00e9. Eh bien, voil\u00e0 ce qui est arriv\u00e9 depuis que leurs articles ont \u00e9t\u00e9 publi\u00e9s : les prix de l'or ont encore augment\u00e9.\n\nIl y a m\u00eame eu un pic de record de 1 300 $ r\u00e9cemment. Il y a eu des discussions en d\u00e9cembre sur le fait que le prix \u00e9tait inevitablement dirig\u00e9 vers 2 000 $. Maintenant, emboldis par une augmentation continue, certains sugg\u00e8rent que l'or pourrait aller encore plus loin que 2 000 $. Un investisseur en or r\u00e9ussi m'a expliqu\u00e9 r\u00e9cemment que les prix des actions ont stagn\u00e9 pendant plus d'une d\u00e9cennie avant que le Dow Jones ne franchisse les 1 000 $ dans les ann\u00e9es 1980. Depuis lors, l'index a d\u00e9pass\u00e9 les 10 000 $."}
{"index": 1, "doc_chunk_ids_length": [80, 91, 106], "inputs_prefill_times": [413.25054931640625, 459.2035827636719, 511.2391662597656], "decode_times": [27896.427734375, 26484.630859375, 44481.8515625], "e2e_delay": 100246.60345458984, "decoding_speeds": [0.004158238506540411, 0.004153352205815711, 0.004181480614372751], "dataset": "opus", "model": "Mistral-7B-Instruct-v0.3", "bleu": 0.16129618376453583, "f1": 0.28019323671497587, "outputs": "Maintenant que l'or a franchi le seuil de 1 000 dollars, pourquoi ne peut-il pas augmenter dix fois aussi ? Admettant que l'arriv\u00e9e \u00e0 un prix beaucoup plus \u00e9lev\u00e9 pour l'or n'est pas tout \u00e0 fait une imagination de saut, apr\u00e8s avoir ajust\u00e9 pour l'inflation, aujourd'hui, le prix n'est pas loin de l'apog\u00e9e historique de janvier 1980.\n\nEn janvier 1980, l'or a atteint 850 dollars, ou plus de 2 000 dollars aujourd'hui. Mais janvier 1980 \u00e9tait arguably un \"pic de freak\" pendant une p\u00e9riode de stabilit\u00e9 g\u00e9o-politique accrue. \u00c0 1 300 dollars, le prix actuel est probablement plus que double des prix moyens \u00e0 long terme, ajust\u00e9s pour l'inflation.\n\nQuelque chose qui justifierait une augmentation suppl\u00e9mentaire importante des prix de l'or \u00e0 partir de l\u00e0 ? Une r\u00e9ponse, bien s\u00fbr, est une rupture compl\u00e8te de la monnaie am\u00e9ricaine. Avec des d\u00e9ficits en flamb\u00e9e, et une politique fiscale sans direction, on se demande s'il n'y a pas un gouvernement populiste qui se lancerait \u00e0 la perte de vue dans la presse \u00e0 imprimer. Et si vous \u00eates vraiment pr\u00e9occup\u00e9 par cela, l'or pourrait bien \u00eatre le rempart le plus fiable. Oui, certains pourraient arguer que les obligations \u00e0 taux index\u00e9s sur l'inflation offrent un meilleur et un plus direct hedge contre l'inflation que l'or."}
{"index": 2, "doc_chunk_ids_length": [115, 80, 115], "inputs_prefill_times": [441.2467346191406, 484.5168762207031, 515.4641723632812], "decode_times": [48919.78125, 17057.38671875, 245.2470703125], "e2e_delay": 67663.64282226562, "decoding_speeds": [0.004231417122291405, 0.004221045180435254, 0.0], "dataset": "opus", "model": "Mistral-7B-Instruct-v0.3", "bleu": 0.1534399379482945, "f1": 0.20803782505910168, "outputs": "Les \"bugs de l'or\" ont raison de s'inqui\u00e9ter de savoir si le gouvernement respectera ses engagements dans des circonstances plus extr\u00eames. En fait, comme Carmen Reinhart et moi discutons dans notre livre r\u00e9cent sur l'histoire des crises financi\u00e8res, This Time is Different, les gouvernements en difficult\u00e9 financi\u00e8re prendront souvent des mesures coercitives pour convertir la dette index\u00e9e en dette non index\u00e9e, pr\u00e9cis\u00e9ment pour que sa valeur puisse \u00eatre infl\u00e9e. Le gouvernement des \u00c9tats-Unis a abrog\u00e9 les clauses d'indexation des contrats de dette lors de la Grande D\u00e9pression des ann\u00e9es 1930.\n\n(Translation: Gold bugs are right to worry about whether the government will honor its commitments under more extreme circumstances. In fact, as Carmen Reinhart and I discuss in our recent book on the history of financial crises, This Time is Different, cash-strapped governments will often forcibly convert indexed debt to non-indexed debt, precisely so that its value might be inflated away. Even the United States abrogated indexation clauses in bond contracts during the Great Depression of the 1930\u2019s.)"}
{"index": 3, "doc_chunk_ids_length": [89, 86, 102], "inputs_prefill_times": [430.7898254394531, 456.7613525390625, 508.0914001464844], "decode_times": [33845.16015625, 17019.640625, 36187.92578125], "e2e_delay": 88448.369140625, "decoding_speeds": [0.004195577723504365, 0.004171650951061136, 0.004200296002562146], "dataset": "opus", "model": "Mistral-7B-Instruct-v0.3", "bleu": 0.1838717159186006, "f1": 0.25837320574162675, "outputs": "Les l\u00e9gions de nouveaux consommateurs gagnant en pouvoir d'achat, la demande augmente n\u00e9cessairement, ce qui pousse les prix des commodit\u00e9s rares \u00e0 monter. En m\u00eame temps, les banques centrales \u00e9mergentes ont besoin d'accumuler des r\u00e9serves d'or, qu'elles d\u00e9tiennent encore en proportion beaucoup plus faible que les banques centrales riches. Avec l'euro qui para\u00eet de moins en moins attrayant en tant que diversification loin du dollar, l'appel de l'or a naturellement augment\u00e9. Cependant, un facteur fondamental critique qui soutient actuellement les prix \u00e9lev\u00e9s de l'or peut \u00eatre beaucoup plus \u00e9ph\u00e9m\u00e8re que la mondialisation. Les prix de l'or sont extr\u00eamement sensibles aux mouvements des taux d'int\u00e9r\u00eat mondiaux.\nAujourd'hui, avec les taux d'int\u00e9r\u00eat proches ou \u00e0 leur niveau record dans de nombreux pays, il est relativement bon march\u00e9 de sp\u00e9culer sur l'or plut\u00f4t que d'investir dans des obligations. Mais si les taux r\u00e9els montent significativement, comme cela pourrait \u00eatre le cas un jour, les prix de l'or pourraient chuter. La plupart de la recherche \u00e9conomique sugg\u00e8re que les prix de l'or sont tr\u00e8s difficiles \u00e0 pr\u00e9voir sur le court \u00e0 moyen terme, avec les chances de gains et de pertes \u00e9tant approximativement \u00e9quilibr\u00e9es."}
{"index": 4, "doc_chunk_ids_length": [88, 77, 133], "inputs_prefill_times": [410.6065979003906, 453.59820556640625, 516.2034912109375], "decode_times": [31126.990234375, 25449.248046875, 41686.00390625], "e2e_delay": 99642.65048217773, "decoding_speeds": [0.0042085662318655705, 0.004204446426193676, 0.004222040577355803], "dataset": "opus", "model": "Mistral-7B-Instruct-v0.3", "bleu": 0.4208458551969876, "f1": 0.41607565011820336,