{"index": 0, "doc_chunk_ids_length": [36, 71, 27, 43, 88], "inputs_prefill_times": [734.61865234375, 434.1022644042969, 462.38311767578125, 477.5318908691406, 513.7776489257812], "decode_times": [12117.6728515625, 27697.8515625, 10583.9423828125, 16878.046875, 30483.353515625], "e2e_delay": 100383.28076171875, "decoding_speeds": [0.0037135843285451896, 0.004043634927686461, 0.0038737928190709743, 0.004028902188956624, 0.004231817865244972], "dataset": "opus", "model": "Mistral-7B-Instruct-v0.3", "bleu": 0.2170218768819978, "f1": 0.3081081081081081, "outputs": "'$10,000 Or d'or? SAN FRANCISCO \u2013 Il n'a jamais \u00e9t\u00e9 facile de mener une conversation raisonnable sur la valeur de l'or.'\n\n'R\u00e9cemment, avec les prix de l'or en hausse de plus de 300% au cours des dix derni\u00e8res ann\u00e9es, c'est plus difficile que jamais. Seuls ces derniers mois, les \u00e9conomistes Martin Feldstein et Nouriel Roubini ont chacun publi\u00e9 des articles de fond bravoureusement questionnant l'optimisme du march\u00e9, raisonnablement mettant en \u00e9vidence les risques de l'or.'\n\n'Et voil\u00e0 qu'on ne saurait le croire! Depuis que leurs articles ont \u00e9t\u00e9 publi\u00e9s, le prix de l'or a encore augment\u00e9.'\n\n'Le prix de l'or a m\u00eame atteint un record de 1 300 r\u00e9cemment. Il y a quelques mois, beaucoup de chasseurs d'or \u00e9taient d'avis que le prix \u00e9tait in\u00e9vitablement dirig\u00e9 vers 2 000.'\n\n'A pr\u00e9sent, emboldis par la poursuite de l'augmentation, certains sugg\u00e8rent que l'or pourrait aller encore plus loin que \u00e7a.'\n\n'Un investisseur en or r\u00e9ussi m'a r\u00e9cemment expliqu\u00e9 que les prix boursiers ont langui pendant plus d'une d\u00e9cennie avant que le Dow Jones ne franchisse le seuil de 1 000 dans les ann\u00e9es 1980. Depuis lors, l'index a d\u00e9pass\u00e9 les 10 000.'"}
{"index": 2, "doc_chunk_ids_length": [86, 39, 74, 50, 69], "inputs_prefill_times": [405.8490905761719, 452.5875244140625, 478.5274963378906, 507.2271423339844, 540.8143310546875], "decode_times": [30320.421875, 11755.3046875, 28118.37109375, 16950.0078125, 25894.822265625], "e2e_delay": 115423.9333190918, "decoding_speeds": [0.004221577144529754, 0.00416833091975099, 0.004196544657817266, 0.004188788629798751, 0.004209335707420395], "dataset": "opus", "model": "Mistral-7B-Instruct-v0.3", "bleu": 0.25109824184099555, "f1": 0.3267716535433071, "outputs": "Les \"bugs de l'or\" ont raison de s'inqui\u00e9ter de savoir si le gouvernement respectera ses engagements dans des circonstances plus extr\u00eames. En fait, comme Carmen Reinhart et moi discutons dans notre livre r\u00e9cent sur l'histoire des crises financi\u00e8res, Ce Temps est diff\u00e9rent, les gouvernements en difficult\u00e9 financi\u00e8re prendront souvent des mesures coercitives pour convertir la dette index\u00e9e en dette non index\u00e9e, pr\u00e9cis\u00e9ment pour que sa valeur puisse \u00eatre infl\u00e9e.\n\nL'Am\u00e9rique a \u00e9galement abrog\u00e9 les clauses d'indexation dans les contrats de dette lors de la Grande D\u00e9pression des ann\u00e9es 1930. Cela peut arriver nulle part.\n\nMais le fait que la haute inflation soit possible ne fait pas de cela probable, donc il faut \u00eatre prudent dans l'argumentation selon laquelle les prix de l'or \u00e9lev\u00e9s sont motiv\u00e9s par des attentes d'inflation. Certains ont plut\u00f4t argu\u00e9 que la longue mont\u00e9e en fl\u00e8che de l'or a \u00e9t\u00e9 en partie due au d\u00e9veloppement de nouveaux instruments financiers qui rendent plus facile de n\u00e9gocier et de sp\u00e9culer sur l'or.\n\nIl y a peut-\u00eatre une petite v\u00e9rit\u00e9 \u2013 et aussi une certaine dose d'ironie \u2013 \u00e0 cette argumentation. En effet, les alchimistes m\u00e9di\u00e9vaux ont engag\u00e9 une recherche absurde pour trouver des moyens de transformer les m\u00e9taux de base en or.\n\nSerait-ce donc paradoxalal, si la finance alchimique pouvait faire monter le prix d'un lingot d'or de fa\u00e7on dramatique ? Dans mon avis, le plus fort argument pour justifier aujourd'hui le prix \u00e9lev\u00e9 de l'or est l'\u00e9mergence spectaculaire de l'Asie, de l'Am\u00e9rique latine et du Moyen-Orient dans l'\u00e9conomie globale."}
{"index": 3, "doc_chunk_ids_length": [63, 74, 43, 48, 58], "inputs_prefill_times": [412.51123046875, 455.6011657714844, 481.080322265625, 505.5897521972656, 541.8936767578125], "decode_times": [26647.62109375, 25430.853515625, 16767.6328125, 20296.1640625, 20469.521484375], "e2e_delay": 112008.46911621094, "decoding_speeds": [0.004240528623641504, 0.004207487567582347, 0.004174709738861655, 0.004237253883796545, 0.004201368364455729], "dataset": "opus", "model": "Mistral-7B-Instruct-v0.3", "bleu": 0.20644017474913878, "f1": 0.296137339055794, "outputs": "Les l\u00e9gions de nouveaux consommateurs gagnent de la puissance d'achat, ce qui entra\u00eene une demande in\u00e9vitablement en hausse, poussant les prix des mati\u00e8res premi\u00e8res rares \u00e0 monter. En m\u00eame temps, les banques centrales \u00e9mergentes ont besoin d'accumuler des r\u00e9serves d'or, qu'elles d\u00e9tiennent encore en proportion beaucoup plus faible que les banques centrales riches.\n\nAvec l'euro qui para\u00eet de moins en moins attrayant comme alternative de diversification loin du dollar, l'appel de l'or a naturellement augment\u00e9. Ainsi, il y a des fondements solides qui soutiennent probablement le prix actuel de l'or, bien que cela soit beaucoup plus d\u00e9batable si et \u00e0 quel point ils continueront \u00e0 soutenir des prix plus \u00e9lev\u00e9s dans le futur.\n\nUn autre facteur fondamental important qui peut soutenir les prix \u00e9lev\u00e9s de l'or peut \u00eatre beaucoup plus \u00e9ph\u00e9m\u00e8re que la mondialisation. Les prix de l'or sont extr\u00eamement sensibles aux mouvements des taux d'int\u00e9r\u00eat mondiaux.\n\nAujourd'hui, avec des taux d'int\u00e9r\u00eat proches ou \u00e0 des niveaux records dans de nombreux pays, il est relativement bon march\u00e9 de sp\u00e9culer sur l'or plut\u00f4t que d'investir dans des obligations.\n\nEn effet, l'or ne verse aucun int\u00e9r\u00eat et co\u00fbte m\u00eame quelque chose de stocker. Aujourd'hui, avec des taux r\u00e9els proches ou \u00e0 des niveaux records dans de nombreux pays, les chances de gains et de pertes sont presque \u00e9quilibr\u00e9es. La plupart de la recherche \u00e9conomique sugg\u00e8re que les prix de l'or sont tr\u00e8s difficiles \u00e0 pr\u00e9voir sur le court \u00e0 moyen terme."}
{"index": 4, "doc_chunk_ids_length": [43, 84, 42, 46, 91], "inputs_prefill_times": [386.3828430175781, 448.22119140625, 488.9039001464844, 507.8569030761719, 543.0999145507812], "decode_times": [18186.224609375, 35516.17578125, 17678.224609375, 19491.751953125, 38446.703125], "e2e_delay": 131693.54483032227, "decoding_speeds": [0.004233973881544743, 0.004251583867870065, 0.004299074238467147, 0.004258211380875544, 0.004265645339388252], "dataset": "opus", "model": "Mistral-7B-Instruct-v0.3", "bleu": 0.24674621788282636, "f1": 0.32799999999999996,